year,anad-tactic-ratio,anad-tactic-ratio-males,anad-tactic-ratio-females,anad-tactic-ratio-spawners
0,0.5243722304283605,0.507396449704142,0.5412979351032449,-
1,0.5182119205298014,0.4965753424657534,0.5384615384615384,-
2,0.3963963963963964,0.37383177570093457,0.41739130434782606,-
3,0.3519736842105263,0.38144329896907214,0.3249211356466877,0
